root,split,shortest,time
1,2,220.563,137.4364
1,4,220.563,88.88574
1,6,220.563,71.1565
1,8,220.563,69.73064
1,10,220.563,66.48142
1,12,220.563,64.89656
