,root,shortest,time
1,2,220.563,191.11060000000003
1,4,220.563,137.1148
1,6,220.563,130.058
1,8,220.563,124.6786
1,10,220.563,122.1172
1,12,220.563,142.09120000000001
